<?xml version="1.0" encoding="utf-8"?>
<!-- calendar -->
<Icon version="1"  useVariableUpdater="DateTime.Day">
    <VariableBinders>
	<BroadcastBinder action="android.intent.action.TIME_SET" />
        <BroadcastBinder action="android.intent.action.DATE_CHANGED" />
    </VariableBinders>   
    <Image>
       <week_margin_top>14</week_margin_top>
       <week_font>hans-sans-light</week_font>
       <week_text_size>28</week_text_size>
       <week_text_color>#ffffff</week_text_color>
       <day_margin_top>70</day_margin_top>
       <day_font>helve-neue-thin</day_font>
       <day_text_size>84</day_text_size>
       <day_text_color>#000000</day_text_color>
       <src>"com.android.calendar.png"</src>         
     </Image>
</Icon>
